"speaker","cluster_idx","n_signals","dcor","p","min_cluster_size"
"610006b5173cacb40e469b7b","5","3","0.973779393348506","0.166983301669833","2"
"610006b5173cacb40e469b7b","2","3","0.850002666332661","0.832816718328167","2"
"610006b5173cacb40e469b7b","4","8","0.772970258450124","0.445555444455554","2"
"610006b5173cacb40e469b7b","0","4","0.69736619566818","0.586341365863414","2"
"610006b5173cacb40e469b7b","1","6","0.726553836942691","0.711428857114289","2"
"610006b5173cacb40e469b7b","3","4","0.928049756219942","0.118688131186881","2"
"615e32053d4f0c25ecbd9aaf","1","7","0.645567820260059","0.525047495250475","2"
"615e32053d4f0c25ecbd9aaf","0","6","0.668395851274741","0.856814318568143","2"
"615e32053d4f0c25ecbd9aaf","4","5","0.657617012086742","0.780821917808219","2"
"615e32053d4f0c25ecbd9aaf","3","3","0.966260048628146","0.327467253274673","2"
"615e32053d4f0c25ecbd9aaf","2","5","0.690039708023837","0.655634436556344","2"
"61001a5d58777b6e99cc43a1","2","12","0.711921363491504","0.117488251174883","2"
"61001a5d58777b6e99cc43a1","4","5","0.733914157842755","0.563543645635436","2"
"61001a5d58777b6e99cc43a1","1","6","0.868067917928473","0.1004899510049","2"
"61001a5d58777b6e99cc43a1","0","5","0.912579070668957","0.267873212678732","2"
"61001a5d58777b6e99cc43a1","3","3","0.953200494329282","0.486351364863514","2"
"6151f63958f5eb5b33db9239","4","6","0.841882764869195","0.196280371962804","2"
"6151f63958f5eb5b33db9239","0","3","0.860040425025457","0.66963303669633","2"
"6151f63958f5eb5b33db9239","5","7","0.559862273735668","0.953204679532047","2"
"6151f63958f5eb5b33db9239","1","5","0.971083298996177","0.018998100189981","2"
"6151f63958f5eb5b33db9239","6","5","0.754707839878634","0.653434656534347","2"
"6151f63958f5eb5b33db9239","3","3","0.824544539714439","0.831716828317168","2"
"6151f63958f5eb5b33db9239","2","3","0.998397572671861","0.335366463353665","2"
"611072022d4ba516aab619ac","2","10","0.63785440854288","0.780621937806219","2"
"611072022d4ba516aab619ac","1","14","0.696328007883311","0.0128987101289871","2"
"611072022d4ba516aab619ac","3","10","0.609028126261675","0.603239676032397","2"
"611072022d4ba516aab619ac","0","6","0.69853305776229","0.960903909609039","2"
"6110c8fb129da6ea8847b9f9","0","10","0.731000837867418","0.0760923907609239","2"
"6110c8fb129da6ea8847b9f9","3","8","0.784331800180692","0.339366063393661","2"
"6110c8fb129da6ea8847b9f9","1","8","0.726337904627685","0.308769123087691","2"
"6110c8fb129da6ea8847b9f9","2","6","0.78851449620974","0.458054194580542","2"
"6110c8fb129da6ea8847b9f9","4","5","0.854174640772583","0.895910408959104","2"
"5be2dab1dc5b8d0001ce18a9","3","8","0.715376685754211","0.793820617938206","2"
"5be2dab1dc5b8d0001ce18a9","0","5","0.824047716916227","0.166983301669833","2"
"5be2dab1dc5b8d0001ce18a9","2","12","0.645698960744762","0.828917108289171","2"
"5be2dab1dc5b8d0001ce18a9","5","4","0.853573022914346","0.460553944605539","2"
"5be2dab1dc5b8d0001ce18a9","4","4","0.737674245095954","0.454754524547545","2"
"5be2dab1dc5b8d0001ce18a9","1","3","0.987008752424373","0.336566343365663","2"
"6102ad41aeb80cbf94d1ff64","2","9","0.735439494880627","0.248475152484752","2"
"6102ad41aeb80cbf94d1ff64","5","3","0.956332530409038","0.503549645035496","2"
"6102ad41aeb80cbf94d1ff64","3","9","0.598265108997253","0.998700129987001","2"
"6102ad41aeb80cbf94d1ff64","0","6","0.96367525830126","0.0081991800819918","2"
"6102ad41aeb80cbf94d1ff64","4","4","0.910988645416017","0.288971102889711","2"
"6102ad41aeb80cbf94d1ff64","1","8","0.74498275977692","0.0318968103189681","2"
"5f727fee07055f1d02a05a99","0","7","0.710081529242812","0.232576742325767","2"
"5f727fee07055f1d02a05a99","1","4","0.806698340710695","0.667333266673333","2"
"5f727fee07055f1d02a05a99","2","7","0.778666966506073","0.221877812218778","2"
"5f727fee07055f1d02a05a99","4","8","0.65732513147402","0.785821417858214","2"
"5f727fee07055f1d02a05a99","3","4","0.896077273775902","0.538046195380462","2"
"60f5eba9476ad9bc1d4252e9","0","8","0.812504681438422","0.126987301269873","2"
"60f5eba9476ad9bc1d4252e9","3","10","0.619551522042859","0.962703729627037","2"
"60f5eba9476ad9bc1d4252e9","1","9","0.709560692955674","0.436056394360564","2"
"60f5eba9476ad9bc1d4252e9","2","8","0.806593510855636","0.181781821817818","2"
"60f5eba9476ad9bc1d4252e9","4","3","0.995137905842268","0.334966503349665","2"
"6058071bda217990b860e6ee","4","5","0.825755447010059","0.86061393860614","2"
"6058071bda217990b860e6ee","2","8","0.730151507091045","0.587141285871413","2"
"6058071bda217990b860e6ee","1","3","0.923464935836546","0.500849915008499","2"
"6058071bda217990b860e6ee","0","3","0.947606717496221","0.498450154984502","2"
"6058071bda217990b860e6ee","3","8","0.766552058482264","0.360663933606639","2"
"6058071bda217990b860e6ee","5","7","0.57829997690053","0.934506549345065","2"
"611c16a6c39439a1dd61c1f7","2","4","0.859192574153763","0.209379062093791","2"
"611c16a6c39439a1dd61c1f7","4","3","0.985503329775892","0.162983701629837","2"
"611c16a6c39439a1dd61c1f7","3","10","0.630594847630455","0.287571242875712","2"
"611c16a6c39439a1dd61c1f7","0","6","0.6889820824775","0.5001499850015","2"
"611c16a6c39439a1dd61c1f7","1","7","0.585335185914413","0.431656834316568","2"
"5ea93131b2e5310009e185e6","2","5","0.92683905435686","0.0257974202579742","2"
"5ea93131b2e5310009e185e6","0","6","0.827595399887229","0.438556144385561","2"
"5ea93131b2e5310009e185e6","4","3","0.92589435824344","0.662433756624338","2"
"5ea93131b2e5310009e185e6","3","6","0.874363861273429","0.145685431456854","2"
"5ea93131b2e5310009e185e6","1","9","0.739716751561128","0.0641935806419358","2"
"5ea93131b2e5310009e185e6","5","9","0.952362276850116","0.0008999100089991","2"
"605243c1f9d94b7d6caf04dc","0","8","0.938069162574478","0.0073992600739926","2"
"605243c1f9d94b7d6caf04dc","1","9","0.629933216886859","0.556044395560444","2"
"605243c1f9d94b7d6caf04dc","2","7","0.657061258049084","0.596940305969403","2"
"605243c1f9d94b7d6caf04dc","4","6","0.87603142275868","0.244275572442756","2"
"605243c1f9d94b7d6caf04dc","3","9","0.71546038941918","0.371162883711629","2"
"60c9fcbb6090f57f63cdbebf","0","38","0.523168233875589","0.0030996900309969","2"
"60a2cbab9a74ddb09789cfa8","2","11","0.754823702995601","0.119088091190881","2"
"60a2cbab9a74ddb09789cfa8","4","5","0.808578916805851","0.301069893010699","2"
"60a2cbab9a74ddb09789cfa8","3","4","0.857120662545905","0.614438556144386","2"
"60a2cbab9a74ddb09789cfa8","0","7","0.803964679815195","0.143685631436856","2"
"60a2cbab9a74ddb09789cfa8","1","4","0.608376382418148","1","2"
"610784123ead4a29b40195b6","1","12","0.74914901144555","0.0333966603339666","2"
"610784123ead4a29b40195b6","2","8","0.67386607768907","0.684431556844316","2"
"610784123ead4a29b40195b6","0","9","0.682836943654192","0.361963803619638","2"
"610784123ead4a29b40195b6","3","3","0.8958295546822","0.663233676632337","2"
"61294b6db5dce4f32fb7df9b","3","6","0.77920111185838","0.61993800619938","2"
"61294b6db5dce4f32fb7df9b","4","11","0.689445383454118","0.170582941705829","2"
"61294b6db5dce4f32fb7df9b","0","8","0.927916237919376","0.0636936306369363","2"
"61294b6db5dce4f32fb7df9b","2","5","0.927655205700097","0.151184881511849","2"
"61294b6db5dce4f32fb7df9b","1","6","0.722874265887468","0.780721927807219","2"
"60a81df1832584842fb188f6","3","9","0.740448585295679","0.43955604439556","2"
"60a81df1832584842fb188f6","2","11","0.783287671602601","0.0461953804619538","2"
"60a81df1832584842fb188f6","0","10","0.800450322306348","0.0128987101289871","2"
"60a81df1832584842fb188f6","1","3","0.750603458588886","1","2"
"6151f0f200c152d71f393bb5","3","7","0.629206949250651","0.692930706929307","2"
"6151f0f200c152d71f393bb5","0","5","0.922497607196195","0.17958204179582","2"
"6151f0f200c152d71f393bb5","2","3","0.924112916868671","0.165583441655834","2"
"6151f0f200c152d71f393bb5","5","7","0.75241789155755","0.0755924407559244","2"
"6151f0f200c152d71f393bb5","4","7","0.733547351057259","0.718628137186281","2"
"6151f0f200c152d71f393bb5","1","8","0.760077516735675","0.447255274472553","2"
"5e521a4b05acdb243aaee8de","0","28","0.618935906063655","0.0008999100089991","2"
"5f47b045144b1c1ab5bed08d","0","6","0.782869039768834","0.335966403359664","2"
"5f47b045144b1c1ab5bed08d","4","8","0.767005721694897","0.0073992600739926","2"
"5f47b045144b1c1ab5bed08d","1","8","0.641244132125483","0.926907309269073","2"
"5f47b045144b1c1ab5bed08d","2","9","0.70533465272147","0.892610738926107","2"
"5f47b045144b1c1ab5bed08d","3","8","0.712895162307465","0.271872812718728","2"
"6109876949a63b51388197c2","2","8","0.691209529828156","0.376462353764624","2"
"6109876949a63b51388197c2","3","7","0.654588580295859","0.725227477252275","2"
"6109876949a63b51388197c2","0","3","0.967990830082305","0.160783921607839","2"
"6109876949a63b51388197c2","4","5","0.888562074637987","0.405159484051595","2"
"6109876949a63b51388197c2","1","4","0.942098974500914","0.251074892510749","2"
"61001bf99a534440d8563358","1","5","0.833519221477377","0.558844115588441","2"
"61001bf99a534440d8563358","2","10","0.594262434942074","0.564643535646435","2"
"61001bf99a534440d8563358","0","8","0.746584725415991","0.0996900309969003","2"
"61001bf99a534440d8563358","3","8","0.60115407014155","0.954004599540046","2"
"61001bf99a534440d8563358","4","5","0.919735854698328","0.0935906409359064","2"
"5c105e2757fd11000127e60f","3","9","0.82770672518639","0.0255974402559744","2"
"5c105e2757fd11000127e60f","2","3","0.727600314128254","0.828817118288171","2"
"5c105e2757fd11000127e60f","1","9","0.809540976439223","0.0214978502149785","2"
"5c105e2757fd11000127e60f","0","7","0.781315783693538","0.314568543145685","2"
"5c105e2757fd11000127e60f","4","6","0.783463177849252","0.49025097490251","2"
"5b8ad127ce33a00001e696cf","3","7","0.621068320822843","0.991600839916008","2"
"5b8ad127ce33a00001e696cf","0","4","0.983177726828368","0.127687231276872","2"
"5b8ad127ce33a00001e696cf","1","10","0.608541248206139","0.167883211678832","2"
"5b8ad127ce33a00001e696cf","2","8","0.854585999100812","0.0473952604739526","2"
"5b8ad127ce33a00001e696cf","4","10","0.87294530507302","0.0043995600439956","2"
"610087304c584b2ba35b4034","3","9","0.663968615065997","0.571542845715428","2"
"610087304c584b2ba35b4034","0","11","0.525683710636874","0.3999600039996","2"
"610087304c584b2ba35b4034","2","4","0.87308305944979","0.668933106689331","2"
"610087304c584b2ba35b4034","1","7","0.89281250438418","0.120687931206879","2"
"610087304c584b2ba35b4034","4","8","0.839006926719777","0.0581941805819418","2"
"6053ce04a276ce713b3e7c1a","2","10","0.723794182517019","0.0940905909409059","2"
"6053ce04a276ce713b3e7c1a","4","4","0.835957743887049","0.65983401659834","2"
"6053ce04a276ce713b3e7c1a","1","9","0.769848271904447","0.0890910908909109","2"
"6053ce04a276ce713b3e7c1a","0","5","0.829867826187795","0.250974902509749","2"
"6053ce04a276ce713b3e7c1a","3","4","0.897964797285248","0.294770522947705","2"
"5aa26bda35237b000112e35d","0","8","0.74509648423503","0.463953604639536","2"
"5aa26bda35237b000112e35d","3","7","0.754949283929103","0.506049395060494","2"
"5aa26bda35237b000112e35d","1","8","0.764733500385385","0.197380261973803","2"
"5aa26bda35237b000112e35d","2","6","0.748960567878427","0.448355164483552","2"
"5aa26bda35237b000112e35d","4","5","0.842559298451221","0.224677532246775","2"
"610068e5f60debf1dafc444d","2","7","0.708000371112746","0.84021597840216","2"
"610068e5f60debf1dafc444d","0","11","0.73798015627049","0.0358964103589641","2"
"610068e5f60debf1dafc444d","1","6","0.569555640283647","0.478652134786521","2"
"610068e5f60debf1dafc444d","3","10","0.616131710781503","0.143485651434857","2"
"5c61ab19776b38000156cc95","0","8","0.560887186211536","0.956104389561044","2"
"5c61ab19776b38000156cc95","2","23","0.693799781628712","0.0006999300069993","2"
"5c61ab19776b38000156cc95","1","4","0.92402003119527","0.417758224177582","2"
"5b0f33dd1e55760001b9a9ce","0","8","0.59100092139809","0.900909909009099","2"
"5b0f33dd1e55760001b9a9ce","2","6","0.811762897701411","0.460653934606539","2"
"5b0f33dd1e55760001b9a9ce","3","7","0.57811509859659","0.741625837416258","2"
"5b0f33dd1e55760001b9a9ce","1","9","0.833461134112542","0.0224977502249775","2"
"5b0f33dd1e55760001b9a9ce","4","10","0.648297521282479","0.916008399160084","2"
"5bace93b5cd4520001dc04a5","4","6","0.721234122851455","0.767423257674233","2"
"5bace93b5cd4520001dc04a5","3","8","0.717055926435558","0.734726527347265","2"
"5bace93b5cd4520001dc04a5","0","6","0.562241856325906","0.897310268973103","2"
"5bace93b5cd4520001dc04a5","5","2","1","1","2"
"5bace93b5cd4520001dc04a5","1","8","0.922383542645528","0.0141985801419858","2"
"5bace93b5cd4520001dc04a5","2","8","0.787366747406016","0.0665933406659334","2"
"58727901d53c97000159dc92","3","6","0.778599330244019","0.489351064893511","2"
"58727901d53c97000159dc92","1","6","0.714683402724992","0.622137786221378","2"
"58727901d53c97000159dc92","2","10","0.742940151231991","0.0278972102789721","2"
"58727901d53c97000159dc92","0","9","0.695056698702047","0.130986901309869","2"
"58727901d53c97000159dc92","4","3","0.967548867403886","0.831716828317168","2"
"60fcfce988af0e9f331ec84a","1","17","0.516445289807767","0.376362363763624","2"
"60fcfce988af0e9f331ec84a","0","2","1","1","2"
"60fcfce988af0e9f331ec84a","2","7","0.644249765926241","0.532946705329467","2"
"61118a566bf579b7d69aa202","0","5","0.847791121164999","0.242075792420758","2"
"61118a566bf579b7d69aa202","2","9","0.712983797045107","0.182481751824818","2"
"61118a566bf579b7d69aa202","3","9","0.683918167958303","0.334466553344666","2"
"61118a566bf579b7d69aa202","4","5","0.80769117669181","0.782621737826217","2"
"61118a566bf579b7d69aa202","1","4","0.809378540258111","0.414558544145585","2"
"60fcf1a04c245326d05076e0","2","11","0.81402497037813","0.023997600239976","2"
"60fcf1a04c245326d05076e0","3","11","0.742611432295907","0.0868913108689131","2"
"60fcf1a04c245326d05076e0","0","5","0.775276016891924","0.931806819318068","2"
"60fcf1a04c245326d05076e0","1","5","0.783697737249546","0.938506149385061","2"
"61001a7d72ee7fa3032b8a1a","3","6","0.851138845187448","0.128887111288871","2"
"61001a7d72ee7fa3032b8a1a","4","10","0.706072353792193","0.0586941305869413","2"
"61001a7d72ee7fa3032b8a1a","2","10","0.959360425322382","9.99900009999e-05","2"
"61001a7d72ee7fa3032b8a1a","6","3","0.749462063505907","0.830916908309169","2"
"61001a7d72ee7fa3032b8a1a","0","3","0.707724378172594","0.834716528347165","2"
"61001a7d72ee7fa3032b8a1a","5","3","0.989681582936296","0.163283671632837","2"
"61001a7d72ee7fa3032b8a1a","1","3","0.96892273274448","0.164383561643836","2"
"5e2f1e401a4075000d1bee59","1","7","0.80180869426632","0.217578242175782","2"
"5e2f1e401a4075000d1bee59","3","9","0.562242405673388","0.262373762623738","2"
"5e2f1e401a4075000d1bee59","5","7","0.739732858831527","0.565943405659434","2"
"5e2f1e401a4075000d1bee59","2","11","0.664988426540454","0.172082791720828","2"
"5e2f1e401a4075000d1bee59","4","3","0.822787852598564","0.664533546645335","2"
"5e2f1e401a4075000d1bee59","0","3","0.996702457080199","0.165083491650835","2"
"5f58ceb73a55aa065f014fb4","1","7","0.810703524339006","0.533446655334467","2"
"5f58ceb73a55aa065f014fb4","2","13","0.705470851780851","0.0924907509249075","2"
"5f58ceb73a55aa065f014fb4","3","4","0.93328171605523","0.617438256174383","2"
"5f58ceb73a55aa065f014fb4","0","9","0.740290333792555","0.108689131086891","2"
"5d2c030eb3efb1001b7e4989","1","17","0.772794939742112","0.000999900009999","2"
"5d2c030eb3efb1001b7e4989","2","13","0.460086475213561","0.789321067893211","2"
"5d2c030eb3efb1001b7e4989","0","9","0.76549385594964","0.16988301169883","2"
"610761e24c57926a06f219e2","0","33","0.521804050484235","0.0725927407259274","2"
"60fcd99413d2d738147c7d55","0","10","0.726732024874955","0.125687431256874","2"
"60fcd99413d2d738147c7d55","1","9","0.753104022993752","0.182381761823818","2"
"60fcd99413d2d738147c7d55","4","8","0.631734815470869","0.692730726927307","2"
"60fcd99413d2d738147c7d55","2","5","0.876001731202645","0.182381761823818","2"
"60fcd99413d2d738147c7d55","3","8","0.671765167191374","0.332966703329667","2"
"602e0102c7be4d8f930bccb5","0","15","0.8769384123223","0.0002999700029997","2"
"610414b7a275aba12c4bf8b0","1","7","0.731490756891762","0.76012398760124","2"
"610414b7a275aba12c4bf8b0","0","9","0.704176995129093","0.136086391360864","2"
"610414b7a275aba12c4bf8b0","2","6","0.7902086223865","0.418658134186581","2"
"610414b7a275aba12c4bf8b0","5","4","0.974362983736193","0.206379362063794","2"
"610414b7a275aba12c4bf8b0","4","2","1","1","2"
"610414b7a275aba12c4bf8b0","3","8","0.594282025172298","0.755824417558244","2"
"5a16eb755d06850001b00bea","4","6","0.77181333222596","0.211878812118788","2"
"5a16eb755d06850001b00bea","2","3","0.929605461941226","0.672832716728327","2"
"5a16eb755d06850001b00bea","6","3","0.672105569938244","0.835516448355164","2"
"5a16eb755d06850001b00bea","3","4","0.61139628566851","0.916008399160084","2"
"5a16eb755d06850001b00bea","1","4","0.750212810263034","0.628537146285371","2"
"5a16eb755d06850001b00bea","0","6","0.742116475691847","0.195180481951805","2"
"5a16eb755d06850001b00bea","5","3","0.972762216384208","0.33026697330267","2"
"60fe0ff2978d9def5d345ecd","0","31","0.474656426754111","0.0577942205779422","2"
"610e25f9f9818357aca7dc5f","0","9","0.759694665360096","0.484751524847515","2"
"610e25f9f9818357aca7dc5f","3","9","0.681526160064638","0.727227277272273","2"
"610e25f9f9818357aca7dc5f","1","5","0.757627709781318","0.676432356764324","2"
"610e25f9f9818357aca7dc5f","2","7","0.625141604715364","0.438056194380562","2"
"610e25f9f9818357aca7dc5f","4","9","0.580615867289644","0.872512748725128","2"
"5e886bafe66dd44f5c740394","3","8","0.746388880869422","0.486251374862514","2"
"5e886bafe66dd44f5c740394","1","12","0.640999791588492","0.444755524447555","2"
"5e886bafe66dd44f5c740394","4","9","0.6363058135007","0.835316468353165","2"
"5e886bafe66dd44f5c740394","2","4","0.926363443358262","0.0418958104189581","2"
"5e886bafe66dd44f5c740394","0","5","0.959107462271725","0.0650934906509349","2"
"600f37dd7222cf0f2cf43322","0","40","0.625993692616227","9.99900009999e-05","2"
"610006b5173cacb40e469b7b","2","14","0.664660524744245","0.236276372362764","3"
"610006b5173cacb40e469b7b","0","4","0.69736619566818","0.574842515748425","3"
"610006b5173cacb40e469b7b","1","7","0.887227231972052","0.121787821217878","3"
"610006b5173cacb40e469b7b","3","3","0.91240846519493","0.83991600839916","3"
"615e32053d4f0c25ecbd9aaf","2","7","0.645567820260059","0.513748625137486","3"
"615e32053d4f0c25ecbd9aaf","0","6","0.668395851274741","0.864013598640136","3"
"615e32053d4f0c25ecbd9aaf","1","10","0.726448302949515","0.105089491050895","3"
"615e32053d4f0c25ecbd9aaf","3","5","0.690039708023837","0.658234176582342","3"
"61001a5d58777b6e99cc43a1","2","12","0.711921363491504","0.116788321167883","3"
"61001a5d58777b6e99cc43a1","3","9","0.906330131886046","0.0006999300069993","3"
"61001a5d58777b6e99cc43a1","1","6","0.868067917928473","0.103089691030897","3"
"61001a5d58777b6e99cc43a1","0","5","0.912579070668957","0.268073192680732","3"
"6151f63958f5eb5b33db9239","1","6","0.841882764869195","0.1994800519948","3"
"6151f63958f5eb5b33db9239","2","7","0.559862273735668","0.951304869513049","3"
"6151f63958f5eb5b33db9239","0","5","0.971083298996177","0.0172982701729827","3"
"6151f63958f5eb5b33db9239","3","5","0.754707839878634","0.654334566543346","3"
"611072022d4ba516aab619ac","2","10","0.63785440854288","0.787621237876212","3"
"611072022d4ba516aab619ac","1","14","0.696328007883311","0.0132986701329867","3"
"611072022d4ba516aab619ac","3","10","0.609028126261675","0.6000399960004","3"
"611072022d4ba516aab619ac","0","6","0.69853305776229","0.958104189581042","3"
"6110c8fb129da6ea8847b9f9","0","10","0.731000837867418","0.0802919708029197","3"
"6110c8fb129da6ea8847b9f9","3","8","0.784331800180692","0.338266173382662","3"
"6110c8fb129da6ea8847b9f9","1","8","0.726337904627685","0.312368763123688","3"
"6110c8fb129da6ea8847b9f9","2","6","0.78851449620974","0.464653534646535","3"
"6110c8fb129da6ea8847b9f9","4","5","0.854174640772583","0.885111488851115","3"
"5be2dab1dc5b8d0001ce18a9","2","8","0.715376685754211","0.781521847815218","3"
"5be2dab1dc5b8d0001ce18a9","1","12","0.645698960744762","0.825917408259174","3"
"5be2dab1dc5b8d0001ce18a9","4","4","0.853573022914346","0.458754124587541","3"
"5be2dab1dc5b8d0001ce18a9","3","4","0.737674245095954","0.460653934606539","3"
"5be2dab1dc5b8d0001ce18a9","0","3","0.961385559677206","0.338666133386661","3"
"6102ad41aeb80cbf94d1ff64","1","9","0.698278612259563","0.185381461853815","3"
"6102ad41aeb80cbf94d1ff64","3","9","0.735439494880627","0.245575442455754","3"
"6102ad41aeb80cbf94d1ff64","4","9","0.598265108997253","0.998500149985001","3"
"6102ad41aeb80cbf94d1ff64","0","6","0.96367525830126","0.0083991600839916","3"
"6102ad41aeb80cbf94d1ff64","2","7","0.723941349014218","0.624637536246375","3"
"5f727fee07055f1d02a05a99","1","7","0.778666966506073","0.224177582241776","3"
"5f727fee07055f1d02a05a99","3","8","0.65732513147402","0.788221177882212","3"
"5f727fee07055f1d02a05a99","0","6","0.766296916816551","0.424657534246575","3"
"5f727fee07055f1d02a05a99","2","4","0.896077273775902","0.533946605339466","3"
"60f5eba9476ad9bc1d4252e9","0","8","0.812504681438422","0.131086891310869","3"
"60f5eba9476ad9bc1d4252e9","2","13","0.74835939892962","0.0057994200579942","3"
"60f5eba9476ad9bc1d4252e9","1","9","0.709560692955674","0.431556844315568","3"
"60f5eba9476ad9bc1d4252e9","3","8","0.806593510855636","0.182581741825817","3"
"6058071bda217990b860e6ee","2","5","0.825755447010059","0.859114088591141","3"
"6058071bda217990b860e6ee","0","8","0.730151507091045","0.591140885911409","3"
"6058071bda217990b860e6ee","1","8","0.766552058482264","0.352264773522648","3"
"6058071bda217990b860e6ee","3","7","0.57829997690053","0.936906309369063","3"
"611c16a6c39439a1dd61c1f7","2","4","0.859192574153763","0.20977902209779","3"
"611c16a6c39439a1dd61c1f7","3","16","0.676546862796289","0.0276972302769723","3"
"611c16a6c39439a1dd61c1f7","0","6","0.6889820824775","0.496450354964504","3"
"611c16a6c39439a1dd61c1f7","1","7","0.585335185914413","0.430756924307569","3"
"5ea93131b2e5310009e185e6","3","5","0.92683905435686","0.0265973402659734","3"
"5ea93131b2e5310009e185e6","0","6","0.827595399887229","0.42985701429857","3"
"5ea93131b2e5310009e185e6","4","6","0.874363861273429","0.14988501149885","3"
"5ea93131b2e5310009e185e6","1","9","0.739716751561128","0.0653934606539346","3"
"5ea93131b2e5310009e185e6","2","9","0.952362276850116","0.0013998600139986","3"
"605243c1f9d94b7d6caf04dc","0","8","0.938069162574478","0.0071992800719928","3"
"605243c1f9d94b7d6caf04dc","1","9","0.629933216886859","0.547045295470453","3"
"605243c1f9d94b7d6caf04dc","2","7","0.657061258049084","0.592040795920408","3"
"605243c1f9d94b7d6caf04dc","4","6","0.87603142275868","0.242775722427757","3"
"605243c1f9d94b7d6caf04dc","3","9","0.71546038941918","0.377862213778622","3"
"60c9fcbb6090f57f63cdbebf","0","38","0.523168233875589","0.0037996200379962","3"
"60a2cbab9a74ddb09789cfa8","2","11","0.754823702995601","0.116788321167883","3"
"60a2cbab9a74ddb09789cfa8","4","4","0.917979097602874","0.0424957504249575","3"
"60a2cbab9a74ddb09789cfa8","3","4","0.857120662545905","0.62993700629937","3"
"60a2cbab9a74ddb09789cfa8","0","7","0.803964679815195","0.144285571442856","3"
"60a2cbab9a74ddb09789cfa8","1","4","0.608376382418148","1","3"
"610784123ead4a29b40195b6","1","12","0.74914901144555","0.0362963703629637","3"
"610784123ead4a29b40195b6","2","13","0.727015285506884","0.0216978302169783","3"
"610784123ead4a29b40195b6","0","9","0.682836943654192","0.361263873612639","3"
"61294b6db5dce4f32fb7df9b","3","6","0.77920111185838","0.623937606239376","3"
"61294b6db5dce4f32fb7df9b","4","11","0.689445383454118","0.163683631636836","3"
"61294b6db5dce4f32fb7df9b","0","8","0.927916237919376","0.0621937806219378","3"
"61294b6db5dce4f32fb7df9b","2","5","0.927655205700097","0.151584841515848","3"
"61294b6db5dce4f32fb7df9b","1","6","0.722874265887468","0.767823217678232","3"
"60a81df1832584842fb188f6","2","9","0.740448585295679","0.442755724427557","3"
"60a81df1832584842fb188f6","1","10","0.653795688125479","0.343865613438656","3"
"60a81df1832584842fb188f6","0","10","0.800450322306348","0.0107989201079892","3"
"6151f0f200c152d71f393bb5","2","7","0.629206949250651","0.691830816918308","3"
"6151f0f200c152d71f393bb5","0","5","0.922497607196195","0.185181481851815","3"
"6151f0f200c152d71f393bb5","4","6","0.80263369093306","0.698430156984302","3"
"6151f0f200c152d71f393bb5","3","8","0.796018784656171","0.102789721027897","3"
"6151f0f200c152d71f393bb5","1","8","0.760077516735675","0.443855614438556","3"
"5e521a4b05acdb243aaee8de","0","23","0.646403200295288","0.0023997600239976","3"
"5f47b045144b1c1ab5bed08d","0","6","0.782869039768834","0.336266373362664","3"
"5f47b045144b1c1ab5bed08d","4","8","0.767005721694897","0.0071992800719928","3"
"5f47b045144b1c1ab5bed08d","1","8","0.641244132125483","0.924107589241076","3"
"5f47b045144b1c1ab5bed08d","2","9","0.70533465272147","0.896410358964104","3"
"5f47b045144b1c1ab5bed08d","3","8","0.712895162307465","0.267773222677732","3"
"6109876949a63b51388197c2","0","26","0.600021866722142","0.0041995800419958","3"
"61001bf99a534440d8563358","1","4","0.900230148330961","0.671432856714329","3"
"61001bf99a534440d8563358","2","10","0.594262434942074","0.56974302569743","3"
"61001bf99a534440d8563358","0","8","0.746584725415991","0.101689831016898","3"
"61001bf99a534440d8563358","3","8","0.60115407014155","0.959304069593041","3"
"61001bf99a534440d8563358","4","5","0.919735854698328","0.0953904609539046","3"
"5c105e2757fd11000127e60f","2","7","0.8263864523652","0.164783521647835","3"
"5c105e2757fd11000127e60f","0","10","0.832314888946354","0.0098990100989901","3"
"5c105e2757fd11000127e60f","1","7","0.781315783693538","0.312968703129687","3"
"5c105e2757fd11000127e60f","3","7","0.93929846594334","0.100689931006899","3"
"5b8ad127ce33a00001e696cf","2","7","0.621068320822843","0.991400859914009","3"
"5b8ad127ce33a00001e696cf","0","4","0.983177726828368","0.124287571242876","3"
"5b8ad127ce33a00001e696cf","1","10","0.608541248206139","0.165883411658834","3"
"5b8ad127ce33a00001e696cf","4","8","0.854585999100812","0.0455954404559544","3"
"5b8ad127ce33a00001e696cf","3","9","0.845821410062786","0.0350964903509649","3"
"610087304c584b2ba35b4034","3","9","0.663968615065997","0.566443355664434","3"
"610087304c584b2ba35b4034","0","11","0.525683710636874","0.394460553944606","3"
"610087304c584b2ba35b4034","2","4","0.87308305944979","0.66033396660334","3"
"610087304c584b2ba35b4034","1","7","0.89281250438418","0.125087491250875","3"
"610087304c584b2ba35b4034","4","8","0.839006926719777","0.0595940405959404","3"
"6053ce04a276ce713b3e7c1a","2","10","0.723794182517019","0.0968903109689031","3"
"6053ce04a276ce713b3e7c1a","4","4","0.835957743887049","0.673132686731327","3"
"6053ce04a276ce713b3e7c1a","1","9","0.769848271904447","0.091990800919908","3"
"6053ce04a276ce713b3e7c1a","0","5","0.829867826187795","0.258174182581742","3"
"6053ce04a276ce713b3e7c1a","3","4","0.897964797285248","0.286071392860714","3"
"5aa26bda35237b000112e35d","0","8","0.74509648423503","0.466953304669533","3"
"5aa26bda35237b000112e35d","3","7","0.754949283929103","0.508249175082492","3"
"5aa26bda35237b000112e35d","1","8","0.764733500385385","0.20957904209579","3"
"5aa26bda35237b000112e35d","2","6","0.748960567878427","0.441455854414559","3"
"5aa26bda35237b000112e35d","4","5","0.842559298451221","0.20997900209979","3"
"610068e5f60debf1dafc444d","2","7","0.708000371112746","0.844715528447155","3"
"610068e5f60debf1dafc444d","0","11","0.73798015627049","0.0370962903709629","3"
"610068e5f60debf1dafc444d","1","6","0.569555640283647","0.481751824817518","3"
"610068e5f60debf1dafc444d","3","10","0.616131710781503","0.14038596140386","3"
"5c61ab19776b38000156cc95","0","9","0.883033926287257","0.105689431056894","3"
"5c61ab19776b38000156cc95","2","23","0.693799781628712","0.0010998900109989","3"
"5c61ab19776b38000156cc95","1","4","0.92402003119527","0.423557644235576","3"
"5b0f33dd1e55760001b9a9ce","0","8","0.59100092139809","0.903709629037096","3"
"5b0f33dd1e55760001b9a9ce","2","6","0.811762897701411","0.470852914708529","3"
"5b0f33dd1e55760001b9a9ce","3","7","0.57811509859659","0.742325767423258","3"
"5b0f33dd1e55760001b9a9ce","1","9","0.833461134112542","0.0187981201879812","3"
"5b0f33dd1e55760001b9a9ce","4","10","0.648297521282479","0.919208079192081","3"
"5bace93b5cd4520001dc04a5","1","7","0.622798973942284","0.916508349165084","3"
"5bace93b5cd4520001dc04a5","4","8","0.717055926435558","0.733626637336266","3"
"5bace93b5cd4520001dc04a5","0","6","0.562241856325906","0.897910208979102","3"
"5bace93b5cd4520001dc04a5","2","8","0.922383542645528","0.012998700129987","3"
"5bace93b5cd4520001dc04a5","3","8","0.787366747406016","0.0595940405959404","3"
"58727901d53c97000159dc92","2","10","0.604211660381856","0.512048795120488","3"
"58727901d53c97000159dc92","1","5","0.739821723477761","0.959404059594041","3"
"58727901d53c97000159dc92","3","10","0.742940151231991","0.0272972702729727","3"
"58727901d53c97000159dc92","0","10","0.619038281505794","0.195880411958804","3"
"60fcfce988af0e9f331ec84a","0","17","0.516445289807767","0.374562543745625","3"
"60fcfce988af0e9f331ec84a","1","7","0.644249765926241","0.528047195280472","3"
"61118a566bf579b7d69aa202","0","5","0.847791121164999","0.242275772422758","3"
"61118a566bf579b7d69aa202","2","9","0.712983797045107","0.179382061793821","3"
"61118a566bf579b7d69aa202","3","9","0.683918167958303","0.348565143485651","3"
"61118a566bf579b7d69aa202","4","5","0.80769117669181","0.779222077792221","3"
"61118a566bf579b7d69aa202","1","4","0.809378540258111","0.416658334166583","3"
"60fcf1a04c245326d05076e0","2","11","0.81402497037813","0.024997500249975","3"
"60fcf1a04c245326d05076e0","3","11","0.742611432295907","0.0850914908509149","3"
"60fcf1a04c245326d05076e0","0","5","0.775276016891924","0.928407159284072","3"
"60fcf1a04c245326d05076e0","1","5","0.783697737249546","0.943405659434057","3"
"61001a7d72ee7fa3032b8a1a","1","6","0.851138845187448","0.132386761323868","3"
"61001a7d72ee7fa3032b8a1a","2","11","0.742826683229544","0.0102989701029897","3"
"61001a7d72ee7fa3032b8a1a","0","10","0.9617556001769","0.0010998900109989","3"
"61001a7d72ee7fa3032b8a1a","3","3","0.978086053248551","0.327967203279672","3"
"5e2f1e401a4075000d1bee59","0","7","0.80180869426632","0.214278572142786","3"
"5e2f1e401a4075000d1bee59","1","10","0.853396710713281","0.0020997900209979","3"
"5e2f1e401a4075000d1bee59","2","12","0.576144196721545","0.162983701629837","3"
"5e2f1e401a4075000d1bee59","3","7","0.751487895784234","0.343365663433657","3"
"5f58ceb73a55aa065f014fb4","1","7","0.810703524339006","0.531246875312469","3"
"5f58ceb73a55aa065f014fb4","2","13","0.705470851780851","0.0977902209779022","3"
"5f58ceb73a55aa065f014fb4","3","3","0.973091842220322","0.5001499850015","3"
"5f58ceb73a55aa065f014fb4","0","9","0.740290333792555","0.109289071092891","3"
"5d2c030eb3efb1001b7e4989","1","17","0.772794939742112","0.0017998200179982","3"
"5d2c030eb3efb1001b7e4989","2","13","0.460086475213561","0.783321667833217","3"
"5d2c030eb3efb1001b7e4989","0","9","0.76549385594964","0.16988301169883","3"
"610761e24c57926a06f219e2","0","33","0.536770132137655","0.0451954804519548","3"
"60fcd99413d2d738147c7d55","0","10","0.726732024874955","0.120987901209879","3"
"60fcd99413d2d738147c7d55","1","9","0.753104022993752","0.181881811818818","3"
"60fcd99413d2d738147c7d55","4","8","0.631734815470869","0.686931306869313","3"
"60fcd99413d2d738147c7d55","2","5","0.876001731202645","0.172282771722828","3"
"60fcd99413d2d738147c7d55","3","8","0.671765167191374","0.335866413358664","3"
"602e0102c7be4d8f930bccb5","0","13","0.858859023579127","0.0011998800119988","3"
"610414b7a275aba12c4bf8b0","1","7","0.731490756891762","0.767123287671233","3"
"610414b7a275aba12c4bf8b0","0","9","0.704176995129093","0.128887111288871","3"
"610414b7a275aba12c4bf8b0","2","6","0.7902086223865","0.408259174082592","3"
"610414b7a275aba12c4bf8b0","3","7","0.809533972445503","0.0757924207579242","3"
"610414b7a275aba12c4bf8b0","4","8","0.594282025172298","0.751424857514249","3"
"5a16eb755d06850001b00bea","2","6","0.77181333222596","0.212278772122788","3"
"5a16eb755d06850001b00bea","3","5","0.654275139262094","0.341265873412659","3"
"5a16eb755d06850001b00bea","0","5","0.888540327667142","0.117988201179882","3"
"5a16eb755d06850001b00bea","1","4","0.947381931472465","0.0403959604039596","3"
"60fe0ff2978d9def5d345ecd","0","32","0.488156846834232","0.0355964403559644","3"
"610e25f9f9818357aca7dc5f","0","9","0.759694665360096","0.477652234776522","3"
"610e25f9f9818357aca7dc5f","3","9","0.681526160064638","0.721627837216278","3"
"610e25f9f9818357aca7dc5f","1","5","0.757627709781318","0.677232276772323","3"
"610e25f9f9818357aca7dc5f","2","7","0.625141604715364","0.433556644335566","3"
"610e25f9f9818357aca7dc5f","4","9","0.580615867289644","0.866013398660134","3"
"5e886bafe66dd44f5c740394","3","8","0.746388880869422","0.48985101489851","3"
"5e886bafe66dd44f5c740394","1","12","0.640999791588492","0.446555344465553","3"
"5e886bafe66dd44f5c740394","4","9","0.6363058135007","0.827117288271173","3"
"5e886bafe66dd44f5c740394","2","4","0.926363443358262","0.0415958404159584","3"
"5e886bafe66dd44f5c740394","0","4","0.936013294783794","0.332366763323668","3"
"600f37dd7222cf0f2cf43322","0","23","0.702035793313353","0.0005999400059994","3"
"610006b5173cacb40e469b7b","0","22","0.524846425131524","0.363963603639636","4"
"610006b5173cacb40e469b7b","1","6","0.726553836942691","0.713328667133287","4"
"615e32053d4f0c25ecbd9aaf","2","6","0.620662134842284","0.572842715728427","4"
"615e32053d4f0c25ecbd9aaf","0","5","0.743393423788079","0.776822317768223","4"
"615e32053d4f0c25ecbd9aaf","1","10","0.726448302949515","0.105289471052895","4"
"615e32053d4f0c25ecbd9aaf","3","5","0.690039708023837","0.662733726627337","4"
"61001a5d58777b6e99cc43a1","2","12","0.711921363491504","0.121687831216878","4"
"61001a5d58777b6e99cc43a1","3","9","0.906330131886046","0.0003999600039996","4"
"61001a5d58777b6e99cc43a1","1","6","0.868067917928473","0.0985901409859014","4"
"61001a5d58777b6e99cc43a1","0","5","0.912579070668957","0.269273072692731","4"
"6151f63958f5eb5b33db9239","0","22","0.726153427119472","0.0004999500049995","4"
"611072022d4ba516aab619ac","2","10","0.63785440854288","0.777622237776222","4"
"611072022d4ba516aab619ac","1","14","0.696328007883311","0.0150984901509849","4"
"611072022d4ba516aab619ac","3","10","0.609028126261675","0.614638536146385","4"
"611072022d4ba516aab619ac","0","6","0.69853305776229","0.958904109589041","4"
"6110c8fb129da6ea8847b9f9","0","10","0.731000837867418","0.0750924907509249","4"
"6110c8fb129da6ea8847b9f9","3","8","0.784331800180692","0.333966603339666","4"
"6110c8fb129da6ea8847b9f9","1","8","0.726337904627685","0.315568443155684","4"
"6110c8fb129da6ea8847b9f9","2","6","0.78851449620974","0.460753924607539","4"
"6110c8fb129da6ea8847b9f9","4","5","0.854174640772583","0.89051094890511","4"
"5be2dab1dc5b8d0001ce18a9","1","8","0.715376685754211","0.787821217878212","4"
"5be2dab1dc5b8d0001ce18a9","0","12","0.645698960744762","0.822417758224178","4"
"5be2dab1dc5b8d0001ce18a9","2","7","0.66954821743523","0.551244875512449","4"
"6102ad41aeb80cbf94d1ff64","1","9","0.698278612259563","0.182381761823818","4"
"6102ad41aeb80cbf94d1ff64","3","9","0.735439494880627","0.239176082391761","4"
"6102ad41aeb80cbf94d1ff64","4","9","0.598265108997253","0.998400159984002","4"
"6102ad41aeb80cbf94d1ff64","0","6","0.96367525830126","0.0078992100789921","4"
"6102ad41aeb80cbf94d1ff64","2","7","0.723941349014218","0.624937506249375","4"
"5f727fee07055f1d02a05a99","2","7","0.778666966506073","0.217878212178782","4"
"5f727fee07055f1d02a05a99","1","14","0.865703865035756","0.0003999600039996","4"
"5f727fee07055f1d02a05a99","0","6","0.766296916816551","0.42025797420258","4"
"60f5eba9476ad9bc1d4252e9","0","8","0.812504681438422","0.136186381361864","4"
"60f5eba9476ad9bc1d4252e9","2","13","0.74835939892962","0.0033996600339966","4"
"60f5eba9476ad9bc1d4252e9","1","9","0.709560692955674","0.433056694330567","4"
"60f5eba9476ad9bc1d4252e9","3","8","0.806593510855636","0.182681731826817","4"
"6058071bda217990b860e6ee","2","5","0.825755447010059","0.851514848515148","4"
"6058071bda217990b860e6ee","0","8","0.730151507091045","0.595240475952405","4"
"6058071bda217990b860e6ee","1","8","0.766552058482264","0.356264373562644","4"
"6058071bda217990b860e6ee","3","7","0.57829997690053","0.934306569343066","4"
"611c16a6c39439a1dd61c1f7","0","21","0.654097160588441","0.0076992300769923","4"
"611c16a6c39439a1dd61c1f7","1","6","0.6889820824775","0.500849915008499","4"
"611c16a6c39439a1dd61c1f7","2","7","0.585335185914413","0.433056694330567","4"
"5ea93131b2e5310009e185e6","3","5","0.92683905435686","0.0250974902509749","4"
"5ea93131b2e5310009e185e6","0","6","0.827595399887229","0.433756624337566","4"
"5ea93131b2e5310009e185e6","4","6","0.874363861273429","0.149185081491851","4"
"5ea93131b2e5310009e185e6","1","9","0.739716751561128","0.0644935506449355","4"
"5ea93131b2e5310009e185e6","2","9","0.952362276850116","0.0007999200079992","4"
"605243c1f9d94b7d6caf04dc","0","7","0.829720626512287","0.166383361663834","4"
"605243c1f9d94b7d6caf04dc","1","9","0.629933216886859","0.552844715528447","4"
"605243c1f9d94b7d6caf04dc","2","7","0.657061258049084","0.584341565843416","4"
"605243c1f9d94b7d6caf04dc","4","6","0.87603142275868","0.237976202379762","4"
"605243c1f9d94b7d6caf04dc","3","9","0.71546038941918","0.373962603739626","4"
"60c9fcbb6090f57f63cdbebf","0","37","0.514114893848271","0.0061993800619938","4"
"60a2cbab9a74ddb09789cfa8","1","13","0.590841480606764","0.132986701329867","4"
"60a2cbab9a74ddb09789cfa8","2","10","0.581590821294704","0.566943305669433","4"
"60a2cbab9a74ddb09789cfa8","0","7","0.803964679815195","0.150784921507849","4"
"610784123ead4a29b40195b6","1","12","0.74914901144555","0.0353964603539646","4"
"610784123ead4a29b40195b6","2","10","0.717648596279945","0.0707929207079292","4"
"610784123ead4a29b40195b6","0","9","0.682836943654192","0.368563143685631","4"
"61294b6db5dce4f32fb7df9b","3","5","0.804863006173995","0.355764423557644","4"
"61294b6db5dce4f32fb7df9b","4","11","0.689445383454118","0.162783721627837","4"
"61294b6db5dce4f32fb7df9b","0","8","0.927916237919376","0.0610938906109389","4"
"61294b6db5dce4f32fb7df9b","2","5","0.927655205700097","0.152584741525847","4"
"61294b6db5dce4f32fb7df9b","1","6","0.722874265887468","0.775822417758224","4"
"60a81df1832584842fb188f6","1","9","0.740448585295679","0.436156384361564","4"
"60a81df1832584842fb188f6","2","10","0.653795688125479","0.336166383361664","4"
"60a81df1832584842fb188f6","0","10","0.800450322306348","0.011998800119988","4"
"6151f0f200c152d71f393bb5","2","6","0.799827352852026","0.676132386761324","4"
"6151f0f200c152d71f393bb5","0","5","0.922497607196195","0.181981801819818","4"
"6151f0f200c152d71f393bb5","4","6","0.80263369093306","0.696430356964304","4"
"6151f0f200c152d71f393bb5","1","8","0.760077516735675","0.447655234476552","4"
"6151f0f200c152d71f393bb5","3","7","0.814058108274786","0.167483251674833","4"
"5e521a4b05acdb243aaee8de","0","4","0.667437700242944","0.835916408359164","4"
"5f47b045144b1c1ab5bed08d","0","6","0.782869039768834","0.328167183281672","4"
"5f47b045144b1c1ab5bed08d","4","8","0.767005721694897","0.0075992400759924","4"
"5f47b045144b1c1ab5bed08d","1","8","0.641244132125483","0.926807319268073","4"
"5f47b045144b1c1ab5bed08d","2","9","0.70533465272147","0.895610438956104","4"
"5f47b045144b1c1ab5bed08d","3","8","0.712895162307465","0.26997300269973","4"
"6109876949a63b51388197c2","0","20","0.685036243137772","0.0018998100189981","4"
"61001bf99a534440d8563358","0","16","0.76811088247572","0.0002999700029997","4"
"61001bf99a534440d8563358","1","8","0.746584725415991","0.100789921007899","4"
"61001bf99a534440d8563358","2","8","0.60115407014155","0.953004699530047","4"
"61001bf99a534440d8563358","3","5","0.919735854698328","0.0906909309069093","4"
"5c105e2757fd11000127e60f","2","7","0.8263864523652","0.176382361763824","4"
"5c105e2757fd11000127e60f","0","8","0.739292146441344","0.385661433856614","4"
"5c105e2757fd11000127e60f","1","7","0.781315783693538","0.322367763223678","4"
"5c105e2757fd11000127e60f","3","7","0.93929846594334","0.101989801019898","4"
"5b8ad127ce33a00001e696cf","1","7","0.621068320822843","0.991900809919008","4"
"5b8ad127ce33a00001e696cf","0","10","0.608541248206139","0.154284571542846","4"
"5b8ad127ce33a00001e696cf","3","8","0.854585999100812","0.0445955404459554","4"
"5b8ad127ce33a00001e696cf","2","9","0.845821410062786","0.0327967203279672","4"
"610087304c584b2ba35b4034","2","9","0.663968615065997","0.579242075792421","4"
"610087304c584b2ba35b4034","0","11","0.525683710636874","0.397660233976602","4"
"610087304c584b2ba35b4034","1","7","0.89281250438418","0.124987501249875","4"
"610087304c584b2ba35b4034","3","8","0.839006926719777","0.0564943505649435","4"
"6053ce04a276ce713b3e7c1a","2","10","0.723794182517019","0.102589741025897","4"
"6053ce04a276ce713b3e7c1a","3","12","0.81152800178924","0.0022997700229977","4"
"6053ce04a276ce713b3e7c1a","1","9","0.769848271904447","0.0931906809319068","4"
"6053ce04a276ce713b3e7c1a","0","5","0.829867826187795","0.259074092590741","4"
"5aa26bda35237b000112e35d","1","8","0.74509648423503","0.464653534646535","4"
"5aa26bda35237b000112e35d","0","12","0.934505491392595","0.0001999800019998","4"
"5aa26bda35237b000112e35d","2","8","0.764733500385385","0.203179682031797","4"
"5aa26bda35237b000112e35d","3","6","0.748960567878427","0.436756324367563","4"
"610068e5f60debf1dafc444d","2","7","0.708000371112746","0.838116188381162","4"
"610068e5f60debf1dafc444d","0","11","0.73798015627049","0.0331966803319668","4"
"610068e5f60debf1dafc444d","1","6","0.569555640283647","0.475852414758524","4"
"610068e5f60debf1dafc444d","3","10","0.616131710781503","0.139286071392861","4"
"5c61ab19776b38000156cc95","0","9","0.883033926287257","0.10998900109989","4"
"5c61ab19776b38000156cc95","1","27","0.521791613708012","0.0244975502449755","4"
"5b0f33dd1e55760001b9a9ce","0","8","0.59100092139809","0.906009399060094","4"
"5b0f33dd1e55760001b9a9ce","2","6","0.811762897701411","0.468853114688531","4"
"5b0f33dd1e55760001b9a9ce","3","7","0.57811509859659","0.742325767423258","4"
"5b0f33dd1e55760001b9a9ce","1","9","0.833461134112542","0.0213978602139786","4"
"5b0f33dd1e55760001b9a9ce","4","10","0.648297521282479","0.917808219178082","4"
"5bace93b5cd4520001dc04a5","1","7","0.622798973942284","0.922107789221078","4"
"5bace93b5cd4520001dc04a5","4","8","0.717055926435558","0.733826617338266","4"
"5bace93b5cd4520001dc04a5","0","6","0.562241856325906","0.892210778922108","4"
"5bace93b5cd4520001dc04a5","2","8","0.922383542645528","0.0133986601339866","4"
"5bace93b5cd4520001dc04a5","3","8","0.787366747406016","0.062993700629937","4"
"58727901d53c97000159dc92","2","8","0.739608796408915","0.374762523747625","4"
"58727901d53c97000159dc92","1","6","0.714683402724992","0.617638236176382","4"
"58727901d53c97000159dc92","3","10","0.742940151231991","0.0260973902609739","4"
"58727901d53c97000159dc92","0","9","0.695056698702047","0.132986701329867","4"
"60fcfce988af0e9f331ec84a","0","17","0.516445289807767","0.376062393760624","4"
"60fcfce988af0e9f331ec84a","1","7","0.644249765926241","0.526447355264474","4"
"61118a566bf579b7d69aa202","0","9","0.712983797045107","0.183081691830817","4"
"61118a566bf579b7d69aa202","1","9","0.683918167958303","0.341765823417658","4"
"61118a566bf579b7d69aa202","2","5","0.80769117669181","0.778622137786221","4"
"60fcf1a04c245326d05076e0","0","34","0.646050307030945","9.99900009999e-05","4"
"61001a7d72ee7fa3032b8a1a","1","6","0.851138845187448","0.12998700129987","4"
"61001a7d72ee7fa3032b8a1a","2","11","0.846002056360214","0.0018998100189981","4"
"61001a7d72ee7fa3032b8a1a","0","9","0.951877527728143","0.0063993600639936","4"
"5e2f1e401a4075000d1bee59","0","7","0.80180869426632","0.223477652234777","4"
"5e2f1e401a4075000d1bee59","1","10","0.853396710713281","0.0020997900209979","4"
"5e2f1e401a4075000d1bee59","2","12","0.576144196721545","0.170682931706829","4"
"5e2f1e401a4075000d1bee59","3","7","0.751487895784234","0.332666733326667","4"
"5f58ceb73a55aa065f014fb4","2","7","0.810703524339006","0.534746525347465","4"
"5f58ceb73a55aa065f014fb4","1","16","0.57127789638932","0.0628937106289371","4"
"5f58ceb73a55aa065f014fb4","0","9","0.740290333792555","0.103289671032897","4"
"5d2c030eb3efb1001b7e4989","1","17","0.772794939742112","0.0014998500149985","4"
"5d2c030eb3efb1001b7e4989","2","12","0.524137921658426","0.971602839716028","4"
"5d2c030eb3efb1001b7e4989","0","9","0.76549385594964","0.169483051694831","4"
"610761e24c57926a06f219e2","0","30","0.539724813542607","0.0542945705429457","4"
"60fcd99413d2d738147c7d55","0","10","0.726732024874955","0.121787821217878","4"
"60fcd99413d2d738147c7d55","1","9","0.753104022993752","0.182681731826817","4"
"60fcd99413d2d738147c7d55","4","8","0.631734815470869","0.691830816918308","4"
"60fcd99413d2d738147c7d55","2","5","0.876001731202645","0.174682531746825","4"
"60fcd99413d2d738147c7d55","3","8","0.671765167191374","0.324767523247675","4"
"602e0102c7be4d8f930bccb5","0","4","0.950470549092318","0.205379462053795","4"
"610414b7a275aba12c4bf8b0","1","7","0.731490756891762","0.763823617638236","4"
"610414b7a275aba12c4bf8b0","0","8","0.723995868973958","0.618538146185381","4"
"610414b7a275aba12c4bf8b0","2","6","0.7902086223865","0.411358864113589","4"
"610414b7a275aba12c4bf8b0","3","7","0.809533972445503","0.0793920607939206","4"
"610414b7a275aba12c4bf8b0","4","8","0.594282025172298","0.747525247475253","4"
"5a16eb755d06850001b00bea","0","24","0.585734598931543","0.0143985601439856","4"
"60fe0ff2978d9def5d345ecd","0","31","0.470927914684041","0.0602939706029397","4"
"610e25f9f9818357aca7dc5f","0","9","0.759694665360096","0.485151484851515","4"
"610e25f9f9818357aca7dc5f","3","9","0.681526160064638","0.725927407259274","4"
"610e25f9f9818357aca7dc5f","1","5","0.757627709781318","0.677332266773323","4"
"610e25f9f9818357aca7dc5f","2","7","0.625141604715364","0.445955404459554","4"
"610e25f9f9818357aca7dc5f","4","9","0.580615867289644","0.874212578742126","4"
"5e886bafe66dd44f5c740394","1","8","0.746388880869422","0.488351164883512","4"
"5e886bafe66dd44f5c740394","0","12","0.640999791588492","0.438956104389561","4"
"5e886bafe66dd44f5c740394","2","9","0.6363058135007","0.832316768323168","4"
"600f37dd7222cf0f2cf43322","0","18","0.749209222870021","0.0013998600139986","4"
"610006b5173cacb40e469b7b","0","21","0.580845333766958","0.160883911608839","5"
"610006b5173cacb40e469b7b","1","6","0.726553836942691","0.714328567143286","5"
"615e32053d4f0c25ecbd9aaf","0","21","0.520697364708973","0.0533946605339466","5"
"61001a5d58777b6e99cc43a1","0","27","0.872469465014738","9.99900009999e-05","5"
"6151f63958f5eb5b33db9239","0","22","0.726153427119472","0.0005999400059994","5"
"611072022d4ba516aab619ac","2","10","0.63785440854288","0.772422757724228","5"
"611072022d4ba516aab619ac","1","14","0.696328007883311","0.0157984201579842","5"
"611072022d4ba516aab619ac","3","10","0.609028126261675","0.607539246075392","5"
"611072022d4ba516aab619ac","0","6","0.69853305776229","0.961803819618038","5"
"6110c8fb129da6ea8847b9f9","0","10","0.731000837867418","0.0731926807319268","5"
"6110c8fb129da6ea8847b9f9","2","13","0.907026599304966","0.0005999400059994","5"
"6110c8fb129da6ea8847b9f9","1","8","0.726337904627685","0.313668633136686","5"
"6110c8fb129da6ea8847b9f9","3","6","0.78851449620974","0.461353864613539","5"
"5be2dab1dc5b8d0001ce18a9","1","8","0.715376685754211","0.797020297970203","5"
"5be2dab1dc5b8d0001ce18a9","0","12","0.645698960744762","0.817918208179182","5"
"5be2dab1dc5b8d0001ce18a9","2","6","0.642254180820211","0.583341665833417","5"
"6102ad41aeb80cbf94d1ff64","1","9","0.735439494880627","0.246675332466753","5"
"6102ad41aeb80cbf94d1ff64","3","6","0.556091811178427","0.634836516348365","5"
"6102ad41aeb80cbf94d1ff64","2","9","0.598265108997253","0.997900209979002","5"
"6102ad41aeb80cbf94d1ff64","0","6","0.96367525830126","0.007999200079992","5"
"6102ad41aeb80cbf94d1ff64","4","9","0.775010849263403","0.031996800319968","5"
"5f727fee07055f1d02a05a99","2","7","0.778666966506073","0.216378362163784","5"
"5f727fee07055f1d02a05a99","1","13","0.94031456055685","9.99900009999e-05","5"
"5f727fee07055f1d02a05a99","0","6","0.766296916816551","0.426857314268573","5"
"60f5eba9476ad9bc1d4252e9","0","8","0.812504681438422","0.132986701329867","5"
"60f5eba9476ad9bc1d4252e9","2","13","0.74835939892962","0.0043995600439956","5"
"60f5eba9476ad9bc1d4252e9","1","9","0.709560692955674","0.438856114388561","5"
"60f5eba9476ad9bc1d4252e9","3","8","0.806593510855636","0.177682231776822","5"
"6058071bda217990b860e6ee","0","15","0.926401151957652","9.99900009999e-05","5"
"6058071bda217990b860e6ee","1","8","0.730151507091045","0.598140185981402","5"
"6058071bda217990b860e6ee","2","8","0.766552058482264","0.343465653434657","5"
"611c16a6c39439a1dd61c1f7","0","30","0.555001638667336","0.0053994600539946","5"
"5ea93131b2e5310009e185e6","0","6","0.827595399887229","0.435556444355564","5"
"5ea93131b2e5310009e185e6","2","9","0.880108428588072","0.0044995500449955","5"
"5ea93131b2e5310009e185e6","1","9","0.739716751561128","0.0671932806719328","5"
"5ea93131b2e5310009e185e6","3","9","0.952362276850116","0.0007999200079992","5"
"605243c1f9d94b7d6caf04dc","0","7","0.829720626512287","0.171982801719828","5"
"605243c1f9d94b7d6caf04dc","2","9","0.629933216886859","0.552744725527447","5"
"605243c1f9d94b7d6caf04dc","3","7","0.657061258049084","0.589141085891411","5"
"605243c1f9d94b7d6caf04dc","1","15","0.726187194567258","0.0057994200579942","5"
"60c9fcbb6090f57f63cdbebf","0","30","0.508480368112083","0.018998100189981","5"
"60a2cbab9a74ddb09789cfa8","1","12","0.520313139431087","0.481851814818518","5"
"60a2cbab9a74ddb09789cfa8","2","8","0.790476528262611","0.0817918208179182","5"
"60a2cbab9a74ddb09789cfa8","0","6","0.838858453623408","0.194180581941806","5"
"610784123ead4a29b40195b6","1","12","0.74914901144555","0.0345965403459654","5"
"610784123ead4a29b40195b6","2","9","0.683070432453897","0.271072892710729","5"
"610784123ead4a29b40195b6","0","9","0.682836943654192","0.372462753724628","5"
"61294b6db5dce4f32fb7df9b","1","22","0.794136512461462","9.99900009999e-05","5"
"61294b6db5dce4f32fb7df9b","0","8","0.927916237919376","0.0672932706729327","5"
"61294b6db5dce4f32fb7df9b","2","6","0.722874265887468","0.772122787721228","5"
"60a81df1832584842fb188f6","1","9","0.740448585295679","0.443455654434557","5"
"60a81df1832584842fb188f6","2","10","0.653795688125479","0.331366863313669","5"
"60a81df1832584842fb188f6","0","9","0.745345871586404","0.0636936306369363","5"
"6151f0f200c152d71f393bb5","1","6","0.799827352852026","0.669333066693331","5"
"6151f0f200c152d71f393bb5","3","6","0.80263369093306","0.692330766923308","5"
"6151f0f200c152d71f393bb5","0","8","0.760077516735675","0.446055394460554","5"
"6151f0f200c152d71f393bb5","2","5","0.849493037668076","0.13958604139586","5"
"5e521a4b05acdb243aaee8de","0","5","0.678785076790059","0.932806719328067","5"
"5f47b045144b1c1ab5bed08d","0","6","0.782869039768834","0.336466353364664","5"
"5f47b045144b1c1ab5bed08d","4","8","0.767005721694897","0.0065993400659934","5"
"5f47b045144b1c1ab5bed08d","1","8","0.641244132125483","0.92970702929707","5"
"5f47b045144b1c1ab5bed08d","2","9","0.70533465272147","0.897010298970103","5"
"5f47b045144b1c1ab5bed08d","3","8","0.712895162307465","0.256774322567743","5"
"6109876949a63b51388197c2","0","13","0.584125282429544","0.266273372662734","5"
"61001bf99a534440d8563358","0","14","0.69619189360386","0.0076992300769923","5"
"61001bf99a534440d8563358","1","8","0.746584725415991","0.100589941005899","5"
"61001bf99a534440d8563358","2","14","0.70621205183297","0.0126987301269873","5"
"5c105e2757fd11000127e60f","0","28","0.918002656560252","9.99900009999e-05","5"
"5b8ad127ce33a00001e696cf","1","7","0.621068320822843","0.992200779922008","5"
"5b8ad127ce33a00001e696cf","0","10","0.608541248206139","0.166783321667833","5"
"5b8ad127ce33a00001e696cf","3","8","0.854585999100812","0.0452954704529547","5"
"5b8ad127ce33a00001e696cf","2","9","0.845821410062786","0.0360963903609639","5"
"610087304c584b2ba35b4034","2","9","0.663968615065997","0.582841715828417","5"
"610087304c584b2ba35b4034","1","11","0.525683710636874","0.395760423957604","5"
"610087304c584b2ba35b4034","0","6","0.57778200238662","0.697130286971303","5"
"610087304c584b2ba35b4034","3","8","0.839006926719777","0.0576942305769423","5"
"6053ce04a276ce713b3e7c1a","1","10","0.723794182517019","0.0930906909309069","5"
"6053ce04a276ce713b3e7c1a","2","11","0.832042909889932","0.0051994800519948","5"
"6053ce04a276ce713b3e7c1a","0","9","0.769848271904447","0.0870912908709129","5"
"5aa26bda35237b000112e35d","1","8","0.74509648423503","0.467853214678532","5"
"5aa26bda35237b000112e35d","0","10","0.882318241841668","0.0043995600439956","5"
"5aa26bda35237b000112e35d","2","7","0.805518422813896","0.551044895510449","5"
"5aa26bda35237b000112e35d","3","6","0.748960567878427","0.43985601439856","5"
"610068e5f60debf1dafc444d","1","7","0.708000371112746","0.845115488451155","5"
"610068e5f60debf1dafc444d","0","15","0.8117895924453","0.0001999800019998","5"
"610068e5f60debf1dafc444d","2","10","0.616131710781503","0.138386161383862","5"
"5c61ab19776b38000156cc95","0","9","0.883033926287257","0.107089291070893","5"
"5c61ab19776b38000156cc95","1","27","0.521791613708012","0.0246975302469753","5"
"5b0f33dd1e55760001b9a9ce","0","8","0.59100092139809","0.905109489051095","5"
"5b0f33dd1e55760001b9a9ce","2","5","0.925162495966366","0.15968403159684","5"
"5b0f33dd1e55760001b9a9ce","3","7","0.57811509859659","0.745325467453255","5"
"5b0f33dd1e55760001b9a9ce","1","9","0.833461134112542","0.0202979702029797","5"
"5b0f33dd1e55760001b9a9ce","4","9","0.657337469991923","0.835316468353165","5"
"5bace93b5cd4520001dc04a5","1","8","0.753423929314348","0.165883411658834","5"
"5bace93b5cd4520001dc04a5","4","8","0.717055926435558","0.727727227277272","5"
"5bace93b5cd4520001dc04a5","0","6","0.562241856325906","0.8994100589941","5"
"5bace93b5cd4520001dc04a5","2","7","0.798709786806436","0.184281571842816","5"
"5bace93b5cd4520001dc04a5","3","8","0.787366747406016","0.0631936806319368","5"
"58727901d53c97000159dc92","0","29","0.639567548820498","0.0003999600039996","5"
"58727901d53c97000159dc92","1","10","0.619038281505794","0.188681131886811","5"
"60fcfce988af0e9f331ec84a","0","17","0.516445289807767","0.377462253774623","5"
"60fcfce988af0e9f331ec84a","1","7","0.644249765926241","0.538746125387461","5"
"61118a566bf579b7d69aa202","0","9","0.712983797045107","0.177482251774823","5"
"61118a566bf579b7d69aa202","1","17","0.804977114855229","0.0004999500049995","5"
"60fcf1a04c245326d05076e0","0","20","0.753575879749983","0.0002999700029997","5"
"61001a7d72ee7fa3032b8a1a","1","6","0.851138845187448","0.121487851214879","5"
"61001a7d72ee7fa3032b8a1a","2","11","0.846002056360214","0.0023997600239976","5"
"61001a7d72ee7fa3032b8a1a","0","10","0.9617556001769","0.0005999400059994","5"
"5e2f1e401a4075000d1bee59","0","7","0.80180869426632","0.21957804219578","5"
"5e2f1e401a4075000d1bee59","1","10","0.853396710713281","0.0017998200179982","5"
"5e2f1e401a4075000d1bee59","2","12","0.576144196721545","0.155684431556844","5"
"5e2f1e401a4075000d1bee59","3","7","0.751487895784234","0.341165883411659","5"
"5f58ceb73a55aa065f014fb4","2","7","0.810703524339006","0.55004499550045","5"
"5f58ceb73a55aa065f014fb4","1","14","0.674435075215934","0.0070992900709929","5"
"5f58ceb73a55aa065f014fb4","0","9","0.740290333792555","0.106189381061894","5"
"5d2c030eb3efb1001b7e4989","1","16","0.810550459141251","0.0007999200079992","5"
"5d2c030eb3efb1001b7e4989","2","11","0.631410844600941","0.612838716128387","5"
"5d2c030eb3efb1001b7e4989","0","9","0.76549385594964","0.168083191680832","5"
"610761e24c57926a06f219e2","0","5","0.890590970559137","0.108589141085891","5"
"60fcd99413d2d738147c7d55","0","10","0.726732024874955","0.11968803119688","5"
"60fcd99413d2d738147c7d55","1","9","0.753104022993752","0.186181381861814","5"
"60fcd99413d2d738147c7d55","3","8","0.631734815470869","0.688531146885311","5"
"60fcd99413d2d738147c7d55","2","8","0.671765167191374","0.33046695330467","5"
"602e0102c7be4d8f930bccb5","0","5","0.90091646176932","0.172982701729827","5"
"610414b7a275aba12c4bf8b0","1","7","0.731490756891762","0.758224177582242","5"
"610414b7a275aba12c4bf8b0","0","8","0.723995868973958","0.611438856114389","5"
"610414b7a275aba12c4bf8b0","2","6","0.7902086223865","0.413058694130587","5"
"610414b7a275aba12c4bf8b0","3","7","0.809533972445503","0.0800919908009199","5"
"610414b7a275aba12c4bf8b0","4","8","0.594282025172298","0.75032496750325","5"
"5a16eb755d06850001b00bea","0","6","0.77181333222596","0.202679732026797","5"
"60fe0ff2978d9def5d345ecd","0","28","0.470631394188242","0.0574942505749425","5"
"610e25f9f9818357aca7dc5f","0","9","0.759694665360096","0.488651134886511","5"
"610e25f9f9818357aca7dc5f","2","9","0.681526160064638","0.725027497250275","5"
"610e25f9f9818357aca7dc5f","1","12","0.868291824768602","0.0016998300169983","5"
"610e25f9f9818357aca7dc5f","3","9","0.580615867289644","0.868713128687131","5"
"5e886bafe66dd44f5c740394","1","8","0.746388880869422","0.487151284871513","5"
"5e886bafe66dd44f5c740394","0","12","0.640999791588492","0.444755524447555","5"
"5e886bafe66dd44f5c740394","2","9","0.6363058135007","0.835616438356164","5"
"600f37dd7222cf0f2cf43322","0","5","0.850751728355102","0.358764123587641","5"
"610006b5173cacb40e469b7b","0","6","0.87350049935348","0.136386361363864","6"
"615e32053d4f0c25ecbd9aaf","0","18","0.496838888425137","0.0935906409359064","6"
"61001a5d58777b6e99cc43a1","0","21","0.862511211452613","9.99900009999e-05","6"
"6151f63958f5eb5b33db9239","0","7","0.559862273735668","0.952504749525047","6"
"611072022d4ba516aab619ac","1","10","0.63785440854288","0.785321467853215","6"
"611072022d4ba516aab619ac","0","14","0.696328007883311","0.0158984101589841","6"
"611072022d4ba516aab619ac","2","10","0.609028126261675","0.603539646035396","6"
"6110c8fb129da6ea8847b9f9","1","10","0.731000837867418","0.0732926707329267","6"
"6110c8fb129da6ea8847b9f9","0","16","0.906557864633046","9.99900009999e-05","6"
"6110c8fb129da6ea8847b9f9","2","8","0.726337904627685","0.317368263173683","6"
"5be2dab1dc5b8d0001ce18a9","0","11","0.502183017649501","0.407759224077592","6"
"5be2dab1dc5b8d0001ce18a9","1","12","0.645698960744762","0.826717328267173","6"
"6102ad41aeb80cbf94d1ff64","0","16","0.870623798476285","9.99900009999e-05","6"
"6102ad41aeb80cbf94d1ff64","1","9","0.735439494880627","0.245475452454755","6"
"6102ad41aeb80cbf94d1ff64","2","9","0.598265108997253","0.998700129987001","6"
"5f727fee07055f1d02a05a99","0","20","0.828551487821742","9.99900009999e-05","6"
"60f5eba9476ad9bc1d4252e9","0","8","0.812504681438422","0.129387061293871","6"
"60f5eba9476ad9bc1d4252e9","2","13","0.74835939892962","0.0047995200479952","6"
"60f5eba9476ad9bc1d4252e9","1","9","0.709560692955674","0.434956504349565","6"
"60f5eba9476ad9bc1d4252e9","3","8","0.806593510855636","0.17968203179682","6"
"6058071bda217990b860e6ee","0","15","0.926401151957652","9.99900009999e-05","6"
"6058071bda217990b860e6ee","1","8","0.730151507091045","0.598640135986401","6"
"6058071bda217990b860e6ee","2","8","0.766552058482264","0.354864513548645","6"
"611c16a6c39439a1dd61c1f7","0","24","0.702217020754173","0.0001999800019998","6"
"5ea93131b2e5310009e185e6","0","31","0.789085583372506","9.99900009999e-05","6"
"605243c1f9d94b7d6caf04dc","0","7","0.829720626512287","0.167883211678832","6"
"605243c1f9d94b7d6caf04dc","2","9","0.629933216886859","0.554344565543446","6"
"605243c1f9d94b7d6caf04dc","3","7","0.657061258049084","0.597040295970403","6"
"605243c1f9d94b7d6caf04dc","1","15","0.726187194567258","0.0063993600639936","6"
"60c9fcbb6090f57f63cdbebf","0","30","0.499923453698872","0.0223977602239776","6"
"60a2cbab9a74ddb09789cfa8","0","11","0.754823702995601","0.115988401159884","6"
"60a2cbab9a74ddb09789cfa8","1","8","0.667599788878822","0.552844715528447","6"
"610784123ead4a29b40195b6","1","12","0.74914901144555","0.0374962503749625","6"
"610784123ead4a29b40195b6","2","9","0.683070432453897","0.26977302269773","6"
"610784123ead4a29b40195b6","0","9","0.682836943654192","0.36986301369863","6"
"61294b6db5dce4f32fb7df9b","0","25","0.727501254145919","9.99900009999e-05","6"
"61294b6db5dce4f32fb7df9b","1","8","0.927916237919376","0.0664933506649335","6"
"60a81df1832584842fb188f6","0","29","0.885458588708549","9.99900009999e-05","6"
"6151f0f200c152d71f393bb5","0","21","0.935084651587866","9.99900009999e-05","6"
"6151f0f200c152d71f393bb5","1","8","0.760077516735675","0.439456054394561","6"
"5e521a4b05acdb243aaee8de","0","6","0.647296899866412","0.855014498550145","6"
"5f47b045144b1c1ab5bed08d","3","8","0.767005721694897","0.0083991600839916","6"
"5f47b045144b1c1ab5bed08d","0","8","0.641244132125483","0.925007499250075","6"
"5f47b045144b1c1ab5bed08d","1","9","0.70533465272147","0.893610638936106","6"
"5f47b045144b1c1ab5bed08d","2","8","0.712895162307465","0.267673232676732","6"
"6109876949a63b51388197c2","0","7","0.654588580295859","0.725827417258274","6"
"61001bf99a534440d8563358","0","14","0.69619189360386","0.0076992300769923","6"
"61001bf99a534440d8563358","1","8","0.746584725415991","0.0988901109889011","6"
"61001bf99a534440d8563358","2","14","0.70621205183297","0.0164983501649835","6"
"5c105e2757fd11000127e60f","0","24","0.946716619977854","9.99900009999e-05","6"
"5b8ad127ce33a00001e696cf","1","7","0.621068320822843","0.992000799920008","6"
"5b8ad127ce33a00001e696cf","0","10","0.608541248206139","0.160883911608839","6"
"5b8ad127ce33a00001e696cf","3","8","0.854585999100812","0.04999500049995","6"
"5b8ad127ce33a00001e696cf","2","9","0.845821410062786","0.0370962903709629","6"
"610087304c584b2ba35b4034","1","9","0.663968615065997","0.572242775722428","6"
"610087304c584b2ba35b4034","0","11","0.525683710636874","0.395660433956604","6"
"610087304c584b2ba35b4034","2","8","0.839006926719777","0.0593940605939406","6"
"6053ce04a276ce713b3e7c1a","1","10","0.723794182517019","0.098990100989901","6"
"6053ce04a276ce713b3e7c1a","2","11","0.832042909889932","0.0057994200579942","6"
"6053ce04a276ce713b3e7c1a","0","9","0.769848271904447","0.0946905309469053","6"
"5aa26bda35237b000112e35d","1","8","0.74509648423503","0.467353264673533","6"
"5aa26bda35237b000112e35d","0","10","0.882318241841668","0.0031996800319968","6"
"5aa26bda35237b000112e35d","2","11","0.864222996713708","0.0013998600139986","6"
"610068e5f60debf1dafc444d","1","6","0.785839750057469","0.701129887011299","6"
"610068e5f60debf1dafc444d","0","12","0.763236998734544","0.004999500049995","6"
"610068e5f60debf1dafc444d","2","11","0.614757413485178","0.15028497150285","6"
"5c61ab19776b38000156cc95","0","10","0.854205353197794","0.0223977602239776","6"
"5c61ab19776b38000156cc95","1","24","0.640956452171278","0.003999600039996","6"
"5b0f33dd1e55760001b9a9ce","0","8","0.59100092139809","0.909009099090091","6"
"5b0f33dd1e55760001b9a9ce","1","18","0.848862061139737","0.0001999800019998","6"
"5b0f33dd1e55760001b9a9ce","2","9","0.833461134112542","0.0210978902109789","6"
"5bace93b5cd4520001dc04a5","0","31","0.80513815457143","9.99900009999e-05","6"
"58727901d53c97000159dc92","0","29","0.639567548820498","0.0001999800019998","6"
"58727901d53c97000159dc92","1","9","0.695056698702047","0.142785721427857","6"
"60fcfce988af0e9f331ec84a","0","17","0.516445289807767","0.374662533746625","6"
"60fcfce988af0e9f331ec84a","1","7","0.644249765926241","0.532446755324468","6"
"61118a566bf579b7d69aa202","0","9","0.712983797045107","0.18028197180282","6"
"61118a566bf579b7d69aa202","1","17","0.804977114855229","9.99900009999e-05","6"
"60fcf1a04c245326d05076e0","0","18","0.712164509913244","0.0016998300169983","6"
"61001a7d72ee7fa3032b8a1a","0","17","0.873119738645467","9.99900009999e-05","6"
"61001a7d72ee7fa3032b8a1a","1","9","0.951877527728143","0.0046995300469953","6"
"5e2f1e401a4075000d1bee59","0","7","0.80180869426632","0.218578142185781","6"
"5e2f1e401a4075000d1bee59","1","10","0.853396710713281","0.0018998100189981","6"
"5e2f1e401a4075000d1bee59","2","12","0.576144196721545","0.167283271672833","6"
"5e2f1e401a4075000d1bee59","3","7","0.751487895784234","0.344465553444656","6"
"5f58ceb73a55aa065f014fb4","2","7","0.810703524339006","0.537146285371463","6"
"5f58ceb73a55aa065f014fb4","1","14","0.674435075215934","0.0070992900709929","6"
"5f58ceb73a55aa065f014fb4","0","9","0.740290333792555","0.106589341065893","6"
"5d2c030eb3efb1001b7e4989","1","16","0.810550459141251","0.0005999400059994","6"
"5d2c030eb3efb1001b7e4989","2","11","0.631410844600941","0.611738826117388","6"
"5d2c030eb3efb1001b7e4989","0","9","0.76549385594964","0.170782921707829","6"
"610761e24c57926a06f219e2","0","6","0.881570874134825","0.147185281471853","6"
"60fcd99413d2d738147c7d55","0","10","0.726732024874955","0.126287371262874","6"
"60fcd99413d2d738147c7d55","1","9","0.753104022993752","0.179182081791821","6"
"60fcd99413d2d738147c7d55","3","8","0.631734815470869","0.689431056894311","6"
"60fcd99413d2d738147c7d55","2","8","0.671765167191374","0.330566943305669","6"
"602e0102c7be4d8f930bccb5","0","6","0.899407081026846","0.097990200979902","6"
"610414b7a275aba12c4bf8b0","1","7","0.731490756891762","0.761423857614239","6"
"610414b7a275aba12c4bf8b0","0","8","0.723995868973958","0.612038796120388","6"
"610414b7a275aba12c4bf8b0","2","7","0.809533972445503","0.0811918808119188","6"
"610414b7a275aba12c4bf8b0","3","8","0.594282025172298","0.753524647535247","6"
"5a16eb755d06850001b00bea","0","19","0.599590772448993","0.0247975202479752","6"
"60fe0ff2978d9def5d345ecd","0","26","0.440067231631187","0.155684431556844","6"
"610e25f9f9818357aca7dc5f","0","9","0.759694665360096","0.477452254774523","6"
"610e25f9f9818357aca7dc5f","2","9","0.681526160064638","0.728127187281272","6"
"610e25f9f9818357aca7dc5f","1","11","0.861470578527673","0.0035996400359964","6"
"610e25f9f9818357aca7dc5f","3","9","0.580615867289644","0.865013498650135","6"
"5e886bafe66dd44f5c740394","1","8","0.746388880869422","0.486951304869513","6"
"5e886bafe66dd44f5c740394","0","12","0.640999791588492","0.448455154484552","6"
"5e886bafe66dd44f5c740394","2","9","0.6363058135007","0.824517548245176","6"
"600f37dd7222cf0f2cf43322","0","6","0.759739626822145","0.432956704329567","6"
"610006b5173cacb40e469b7b","0","7","0.848931284210577","0.207179282071793","7"
"615e32053d4f0c25ecbd9aaf","0","7","0.677691842531577","0.319368063193681","7"
"61001a5d58777b6e99cc43a1","0","20","0.869998556335817","9.99900009999e-05","7"
"6151f63958f5eb5b33db9239","0","7","0.788892815411771","0.0806919308069193","7"
"611072022d4ba516aab619ac","1","10","0.63785440854288","0.791720827917208","7"
"611072022d4ba516aab619ac","0","14","0.696328007883311","0.0165983401659834","7"
"611072022d4ba516aab619ac","2","10","0.609028126261675","0.607239276072393","7"
"6110c8fb129da6ea8847b9f9","1","10","0.731000837867418","0.0767923207679232","7"
"6110c8fb129da6ea8847b9f9","0","14","0.893506539556956","0.0001999800019998","7"
"6110c8fb129da6ea8847b9f9","2","8","0.726337904627685","0.30966903309669","7"
"5be2dab1dc5b8d0001ce18a9","0","8","0.715376685754211","0.795620437956204","7"
"5be2dab1dc5b8d0001ce18a9","1","12","0.645698960744762","0.828817118288171","7"
"6102ad41aeb80cbf94d1ff64","0","16","0.870623798476285","0.0001999800019998","7"
"6102ad41aeb80cbf94d1ff64","1","9","0.735439494880627","0.234676532346765","7"
"6102ad41aeb80cbf94d1ff64","2","9","0.598265108997253","0.998700129987001","7"
"5f727fee07055f1d02a05a99","0","8","0.65732513147402","0.788221177882212","7"
"60f5eba9476ad9bc1d4252e9","0","8","0.812504681438422","0.137586241375862","7"
"60f5eba9476ad9bc1d4252e9","2","13","0.74835939892962","0.0037996200379962","7"
"60f5eba9476ad9bc1d4252e9","1","9","0.709560692955674","0.441655834416558","7"
"60f5eba9476ad9bc1d4252e9","3","8","0.806593510855636","0.185481451854815","7"
"6058071bda217990b860e6ee","0","15","0.926401151957652","9.99900009999e-05","7"
"6058071bda217990b860e6ee","1","8","0.730151507091045","0.597340265973403","7"
"6058071bda217990b860e6ee","2","8","0.766552058482264","0.360963903609639","7"
"611c16a6c39439a1dd61c1f7","0","24","0.702217020754173","0.0001999800019998","7"
"5ea93131b2e5310009e185e6","0","31","0.789085583372506","9.99900009999e-05","7"
"605243c1f9d94b7d6caf04dc","0","10","0.822315963928346","0.0634936506349365","7"
"605243c1f9d94b7d6caf04dc","1","12","0.647673558288761","0.156784321567843","7"
"60c9fcbb6090f57f63cdbebf","0","7","0.81776839966903","0.372462753724628","7"
"60a2cbab9a74ddb09789cfa8","0","7","0.818183910823579","0.640735926407359","7"
"610784123ead4a29b40195b6","1","12","0.74914901144555","0.0322967703229677","7"
"610784123ead4a29b40195b6","2","8","0.67386607768907","0.684331566843316","7"
"610784123ead4a29b40195b6","0","9","0.682836943654192","0.363563643635636","7"
"61294b6db5dce4f32fb7df9b","0","24","0.73874268909549","0.0001999800019998","7"
"61294b6db5dce4f32fb7df9b","1","8","0.927916237919376","0.064993500649935","7"
"60a81df1832584842fb188f6","0","29","0.885458588708549","9.99900009999e-05","7"
"6151f0f200c152d71f393bb5","0","18","0.906263342915909","9.99900009999e-05","7"
"6151f0f200c152d71f393bb5","1","8","0.760077516735675","0.441555844415558","7"
"5e521a4b05acdb243aaee8de","0","8","0.875618699149425","0.0408959104089591","7"
"5f47b045144b1c1ab5bed08d","3","8","0.767005721694897","0.0075992400759924","7"
"5f47b045144b1c1ab5bed08d","0","8","0.641244132125483","0.927307269273073","7"
"5f47b045144b1c1ab5bed08d","1","9","0.70533465272147","0.8999100089991","7"
"5f47b045144b1c1ab5bed08d","2","8","0.712895162307465","0.273172682731727","7"
"6109876949a63b51388197c2","0","7","0.746118473072429","0.0844915508449155","7"
"61001bf99a534440d8563358","0","14","0.69619189360386","0.0078992100789921","7"
"61001bf99a534440d8563358","1","8","0.746584725415991","0.103389661033897","7"
"61001bf99a534440d8563358","2","11","0.557786248314446","0.351064893510649","7"
"5c105e2757fd11000127e60f","0","7","0.948489243427385","0.0296970302969703","7"
"5b8ad127ce33a00001e696cf","0","35","0.680578676520961","9.99900009999e-05","7"
"610087304c584b2ba35b4034","1","9","0.663968615065997","0.575142485751425","7"
"610087304c584b2ba35b4034","0","11","0.525683710636874","0.397660233976602","7"
"610087304c584b2ba35b4034","2","8","0.839006926719777","0.0561943805619438","7"
"6053ce04a276ce713b3e7c1a","1","10","0.723794182517019","0.100989901009899","7"
"6053ce04a276ce713b3e7c1a","2","11","0.832042909889932","0.0055994400559944","7"
"6053ce04a276ce713b3e7c1a","0","9","0.769848271904447","0.0888911108889111","7"
"5aa26bda35237b000112e35d","1","8","0.74509648423503","0.467153284671533","7"
"5aa26bda35237b000112e35d","2","11","0.864222996713708","0.0013998600139986","7"
"5aa26bda35237b000112e35d","0","8","0.933465830318886","0.0050994900509949","7"
"610068e5f60debf1dafc444d","0","18","0.882707713695463","0.0001999800019998","7"
"610068e5f60debf1dafc444d","1","14","0.863396259077511","0.0001999800019998","7"
"5c61ab19776b38000156cc95","0","35","0.586362317161272","0.0004999500049995","7"
"5b0f33dd1e55760001b9a9ce","0","35","0.868389303488346","9.99900009999e-05","7"
"5bace93b5cd4520001dc04a5","0","8","0.787366747406016","0.0637936206379362","7"
"58727901d53c97000159dc92","0","29","0.639567548820498","0.0001999800019998","7"
"58727901d53c97000159dc92","1","9","0.695056698702047","0.127787221277872","7"
"60fcfce988af0e9f331ec84a","0","7","0.874478776964339","0.0100989901009899","7"
"61118a566bf579b7d69aa202","0","26","0.935279615859005","9.99900009999e-05","7"
"60fcf1a04c245326d05076e0","0","18","0.712164509913244","0.0013998600139986","7"
"61001a7d72ee7fa3032b8a1a","0","21","0.898132487761735","9.99900009999e-05","7"
"5e2f1e401a4075000d1bee59","0","15","0.691227102265388","0.0110988901109889","7"
"5e2f1e401a4075000d1bee59","1","15","0.690463072884316","0.0086991300869913","7"
"5f58ceb73a55aa065f014fb4","0","17","0.553275144123543","0.0965903409659034","7"
"5f58ceb73a55aa065f014fb4","1","9","0.740290333792555","0.108689131086891","7"
"5d2c030eb3efb1001b7e4989","1","15","0.840202769354403","0.0011998800119988","7"
"5d2c030eb3efb1001b7e4989","2","11","0.631410844600941","0.60973902609739","7"
"5d2c030eb3efb1001b7e4989","0","9","0.76549385594964","0.174082591740826","7"
"610761e24c57926a06f219e2","0","7","0.820041388946075","0.236676332366763","7"
"60fcd99413d2d738147c7d55","0","10","0.726732024874955","0.124787521247875","7"
"60fcd99413d2d738147c7d55","1","9","0.753104022993752","0.182181781821818","7"
"60fcd99413d2d738147c7d55","3","8","0.631734815470869","0.696330366963304","7"
"60fcd99413d2d738147c7d55","2","8","0.671765167191374","0.333766623337666","7"
"602e0102c7be4d8f930bccb5","0","7","0.95680140788004","0.001999800019998","7"
"610414b7a275aba12c4bf8b0","0","36","0.754128078394577","9.99900009999e-05","7"
"5a16eb755d06850001b00bea","0","7","0.821070005686199","0.0667933206679332","7"
"60fe0ff2978d9def5d345ecd","0","23","0.456300735218708","0.152884711528847","7"
"610e25f9f9818357aca7dc5f","0","9","0.759694665360096","0.483851614838516","7"
"610e25f9f9818357aca7dc5f","1","9","0.681526160064638","0.724827517248275","7"
"610e25f9f9818357aca7dc5f","2","9","0.580615867289644","0.865813418658134","7"
"5e886bafe66dd44f5c740394","1","8","0.746388880869422","0.485451454854515","7"
"5e886bafe66dd44f5c740394","0","12","0.640999791588492","0.442255774422558","7"
"5e886bafe66dd44f5c740394","2","9","0.6363058135007","0.832416758324168","7"
"600f37dd7222cf0f2cf43322","0","7","0.72080907362705","0.565043495650435","7"
